Nº,Tema,Pregunta,Respuesta correcta,Artículo,Página,Frase exacta del PDF que lo demuestra,Notas,¿Responde bien?,¿Cita el tema correcto?,¿Cita la página correcta?,¿Se inventa algo?
1,Tema 1 · Constitución Española,¿Cuál es la forma política del Estado español?,La Monarquía parlamentaria.,Art. 1.3,3,«La forma política del Estado español es la Monarquía parlamentaria.»,,,,,
2,Tema 1 · Constitución Española,¿Cuál es la capital del Estado?,La villa de Madrid.,Art. 5,4,«La capital del Estado es la villa de Madrid.»,,,,,
3,Tema 1 · Constitución Española,¿A qué edad se es mayor de edad en España?,A los dieciocho años.,Art. 12,5,«Los españoles son mayores de edad a los dieciocho años.»,,,,,
4,Tema 1 · Constitución Española,¿Cuánto puede durar como máximo la detención preventiva?,"El tiempo estrictamente necesario para las averiguaciones y, en todo caso, un máximo de setenta y dos horas. Después, el detenido queda en libertad o a disposición judicial.",Art. 17.2,6,"«en el plazo máximo de setenta y dos horas, el detenido deberá ser puesto en libertad o a disposición de la autoridad judicial»",,,,,
5,Tema 1 · Constitución Española,¿Qué es el Defensor del Pueblo?,"El alto comisionado de las Cortes Generales, designado por ellas para defender los derechos del Título I. Puede supervisar la actividad de la Administración y da cuenta a las Cortes.",Art. 54,12,«como alto comisionado de las Cortes Generales»,,,,,
6,Tema 1 · Constitución Española,¿Cuántos diputados tiene el Congreso?,Un mínimo de 300 y un máximo de 400.,Art. 68.1,15,«El Congreso se compone de un mínimo de 300 y un máximo de 400 Diputados»,,,,,
7,Tema 1 · Constitución Española,¿Para cuántos años se elige el Congreso?,Para cuatro años. El mandato de los diputados termina cuatro años después de su elección o el día en que se disuelve la Cámara.,Art. 68.4,15,«El Congreso es elegido por cuatro años.»,,,,,
8,Tema 1 · Constitución Española,¿Qué mayoría hace falta para aprobar una ley orgánica?,"Mayoría absoluta del Congreso, en una votación final sobre el conjunto del proyecto.",Art. 81.2,17,"«exigirá mayoría absoluta del Congreso, en una votación final sobre el conjunto del proyecto»",,,,,
9,Tema 1 · Constitución Española,¿En qué plazo tiene que votar el Congreso un decreto-ley?,"En los treinta días siguientes a su promulgación, para convalidarlo o derogarlo.",Art. 86.2,18,«en el plazo de los treinta días siguientes a su promulgación»,,,,,
10,Tema 1 · Constitución Española,¿Cuántas firmas hacen falta para una iniciativa legislativa popular?,No menos de 500.000 firmas acreditadas.,Art. 87.3,19,«En todo caso se exigirán no menos de 500.000 firmas acreditadas.»,El artículo 87 empieza en la página 18; el apartado 3 está en la 19.,,,,
11,Tema 1 · Constitución Española,¿En qué plazo sanciona el Rey las leyes?,En quince días.,Art. 91,19,«El Rey sancionará en el plazo de quince días las leyes aprobadas por las Cortes Generales»,,,,,
12,Tema 1 · Constitución Española,"En la investidura, si el candidato no consigue la mayoría absoluta, ¿qué pasa?","Se vota otra vez cuarenta y ocho horas después, y entonces basta la mayoría simple.",Art. 99.3,21,"«se someterá la misma propuesta a nueva votación cuarenta y ocho horas después de la anterior, y la confianza se entenderá otorgada si obtuviere la mayoría simple»",El artículo 99 empieza en la página 20; el apartado 3 está en la 21.,,,,
13,Tema 1 · Constitución Española,¿Qué mayoría hace falta para ganar una cuestión de confianza?,La mayoría simple de los diputados.,Art. 112,22,«La confianza se entenderá otorgada cuando vote a favor de la misma la mayoría simple de los Diputados.»,,,,,
14,Tema 1 · Constitución Española,¿Qué mayoría hace falta para aprobar una moción de censura?,Mayoría absoluta del Congreso. La tiene que proponer al menos la décima parte de los diputados e incluir un candidato a la Presidencia del Gobierno.,Art. 113,23,«mediante la adopción por mayoría absoluta de la moción de censura» […] «deberá ser propuesta al menos por la décima parte de los Diputados»,Es la pregunta de ejemplo de SOLUCION.md y de la capa 1.4.,,,,
15,Tema 1 · Constitución Española,¿Cuántos miembros tiene el Consejo General del Poder Judicial y por cuánto tiempo se nombran?,"El Presidente del Tribunal Supremo, que lo preside, y veinte miembros nombrados por el Rey por cinco años.",Art. 122.3,24,«por veinte miembros nombrados por el Rey por un período de cinco años»,,,,,
16,Tema 1 · Constitución Española,¿Cuántos miembros tiene el Tribunal Constitucional y cuánto dura su mandato?,"12 miembros nombrados por el Rey, por nueve años. Se renuevan por terceras partes cada tres años.",Art. 159.1 y 159.3,35,«El Tribunal Constitucional se compone de 12 miembros nombrados por el Rey» […] «serán designados por un período de nueve años y se renovarán por terceras partes cada tres»,,,,,
17,Tema 1 · Constitución Española,¿Qué mayoría hace falta para reformar la Constitución por la vía del artículo 167?,"Tres quintos de cada Cámara. Si no hay acuerdo, se forma una comisión paritaria; y si aun así no sale, basta la mayoría absoluta del Senado y dos tercios del Congreso.",Art. 167.1 y 167.2,36,"«deberán ser aprobados por una mayoría de tres quintos de cada una de las Cámaras» […] «el Congreso, por mayoría de dos tercios, podrá aprobar la reforma»",,,,,
18,Tema 2 · Ley 39/2015 del Procedimiento Administrativo Común,¿Quién está obligado a relacionarse por medios electrónicos con la Administración?,"Al menos: las personas jurídicas, las entidades sin personalidad jurídica, los profesionales con colegiación obligatoria (en esa actividad), quien represente a un obligado, y los empleados públicos por razón de su empleo.",Art. 14.2,21,«estarán obligados a relacionarse a través de medios electrónicos con las Administraciones Públicas para la realización de cualquier trámite» […] «a) Las personas jurídicas.» […] «b) Las entidades sin personalidad jurídica.»,,,,,
19,Tema 2 · Ley 39/2015 del Procedimiento Administrativo Común,"Si la norma del procedimiento no dice nada, ¿cuál es el plazo máximo para resolver?",Tres meses.,Art. 21.3,24,"«Cuando las normas reguladoras de los procedimientos no fijen el plazo máximo, éste será de tres meses.»",,,,,
20,Tema 2 · Ley 39/2015 del Procedimiento Administrativo Común,¿Qué es el silencio administrativo en un procedimiento que empieza a petición del interesado?,"Si vence el plazo máximo sin que se notifique resolución, por regla general la solicitud se entiende estimada (silencio positivo), salvo que una ley o el Derecho europeo o internacional digan lo contrario.",Art. 24.1,26,«legitima al interesado o interesados para entenderla estimada por silencio administrativo»,"Es la pregunta de ejemplo del modo guiado (SOLUCION.md, sección 25).",,,,
21,Tema 2 · Ley 39/2015 del Procedimiento Administrativo Común,¿En qué casos el silencio administrativo es negativo?,"En el derecho de petición, cuando se transferirían facultades sobre el dominio público o un servicio público, en actividades que puedan dañar el medio ambiente, en la responsabilidad patrimonial, y en la impugnación de actos y la revisión de oficio a petición del interesado.",Art. 24.1,26,«El silencio tendrá efecto desestimatorio en los procedimientos relativos al ejercicio del derecho de petición» […] «El sentido del silencio también será desestimatorio en los procedimientos de impugnación de actos y disposiciones»,,,,,
22,Tema 2 · Ley 39/2015 del Procedimiento Administrativo Común,¿Los sábados cuentan en los plazos que se dan en días?,"No. Salvo que una ley o el Derecho europeo digan otra cosa, los plazos en días son hábiles: no cuentan sábados, domingos ni festivos.",Art. 30.2,29,"«excluyéndose del cómputo los sábados, los domingos y los declarados festivos»",,,,,
23,Tema 2 · Ley 39/2015 del Procedimiento Administrativo Común,¿Cuánto se puede ampliar un plazo?,"Como mucho, la mitad del plazo, si las circunstancias lo aconsejan y no se perjudica a terceros. El acuerdo de ampliación se notifica a los interesados.",Art. 32.1,30,"«una ampliación de los plazos establecidos, que no exceda de la mitad de los mismos»",,,,,
24,Tema 2 · Ley 39/2015 del Procedimiento Administrativo Común,¿En qué plazo hay que enviar una notificación?,En diez días desde que se dictó el acto.,Art. 40.2,33,«Toda notificación deberá ser cursada dentro del plazo de diez días a partir de la fecha en que el acto haya sido dictado»,,,,,
25,Tema 2 · Ley 39/2015 del Procedimiento Administrativo Común,"Si no abro una notificación electrónica, ¿cuándo se entiende rechazada?","A los diez días naturales desde que se puso a mi disposición sin que acceda a ella, si la notificación electrónica es obligatoria o la elegí yo.",Art. 43.2,35,«se entenderá rechazada cuando hayan transcurrido diez días naturales desde la puesta a disposición de la notificación sin que se acceda a su contenido»,,,,,
26,Tema 2 · Ley 39/2015 del Procedimiento Administrativo Común,¿Cuándo es nulo de pleno derecho un acto administrativo?,Cuando lesiona derechos protegidos por el recurso de amparo; lo dicta un órgano claramente incompetente por materia o territorio; tiene un contenido imposible; es delito o consecuencia de un delito; se dicta saltándose por completo el procedimiento; da derechos a quien no cumple los requisitos esenciales; o lo dice una ley.,Art. 47.1,36,«Los actos de las Administraciones Públicas son nulos de pleno derecho en los casos siguientes»,,,,,
27,Tema 2 · Ley 39/2015 del Procedimiento Administrativo Común,¿Cuánto tiempo tengo para reclamar a la Administración por responsabilidad patrimonial?,"Un año desde el hecho que causa el daño o desde que se manifiesta. Si el daño es físico o psíquico, el año cuenta desde la curación o desde que se conocen las secuelas.",Art. 67.1,42,«El derecho a reclamar prescribirá al año de producido el hecho o el acto que motive la indemnización»,,,,,
28,Tema 2 · Ley 39/2015 del Procedimiento Administrativo Común,"Si mi solicitud está incompleta, ¿cuánto tiempo tengo para corregirla?","Diez días. Si no, se me tiene por desistido. Se puede ampliar hasta cinco días más, salvo en procesos selectivos o de concurrencia competitiva.",Art. 68.1 y 68.2,43,"«en un plazo de diez días, subsane la falta o acompañe los documentos preceptivos» […] «este plazo podrá ser ampliado prudencialmente, hasta cinco días»",,,,,
29,Tema 2 · Ley 39/2015 del Procedimiento Administrativo Común,¿Cuánto dura el trámite de audiencia?,No menos de diez días ni más de quince.,Art. 82.2,47,"«Los interesados, en un plazo no inferior a diez días ni superior a quince, podrán alegar»","El mismo plazo sale en el art. 118 (audiencia en los recursos, página 59). La respuesta buena es el art. 82.",,,,
30,Tema 2 · Ley 39/2015 del Procedimiento Administrativo Común,¿Cuánto dura como mínimo la información pública?,No puede ser inferior a veinte días.,Art. 83.2,48,«que en ningún caso podrá ser inferior a veinte días»,,,,,
31,Tema 2 · Ley 39/2015 del Procedimiento Administrativo Común,¿Cuánto tiempo tiene la Administración para declarar lesivo un acto anulable?,"Cuatro años desde que se dictó el acto, y antes tiene que dar audiencia a los interesados.",Art. 107.2,56,«La declaración de lesividad no podrá adoptarse una vez transcurridos cuatro años desde que se dictó el acto administrativo»,,,,,
32,Tema 2 · Ley 39/2015 del Procedimiento Administrativo Común,¿Qué plazo hay para presentar un recurso de alzada?,"Un mes si el acto es expreso. Si no lo es, en cualquier momento desde que se producen los efectos del silencio.",Art. 122.1,60,"«El plazo para la interposición del recurso de alzada será de un mes, si el acto fuera expreso.»",,,,,
33,Tema 2 · Ley 39/2015 del Procedimiento Administrativo Común,¿Qué plazo hay para el recurso de reposición y para resolverlo?,"Un mes para presentarlo si el acto es expreso, y un mes para que la Administración lo resuelva y lo notifique.",Art. 124.1 y 124.2,61,"«El plazo para la interposición del recurso de reposición será de un mes, si el acto fuera expreso.» […] «El plazo máximo para dictar y notificar la resolución del recurso será de un mes.»",,,,,
34,Tema 2 · Ley 39/2015 del Procedimiento Administrativo Común,¿Qué plazo hay para el recurso extraordinario de revisión?,"Cuatro años desde la notificación si el motivo es un error de hecho que resulta de los documentos del expediente. En los demás casos, tres meses.",Art. 125.2,61,"«dentro del plazo de cuatro años siguientes a la fecha de la notificación de la resolución impugnada. En los demás casos, el plazo será de tres meses»",,,,,
35,Tema 3 · Ley 40/2015 de Régimen Jurídico del Sector Público,¿Se puede renunciar a una competencia?,"No. La competencia es irrenunciable y la ejerce el órgano que la tiene atribuida, salvo en los casos de delegación o avocación.",Art. 8.1,18,«La competencia es irrenunciable y se ejercerá por los órganos administrativos que la tengan atribuida como propia»,,,,,
36,Tema 3 · Ley 40/2015 de Régimen Jurídico del Sector Público,¿Qué competencias no se pueden delegar?,"Las relaciones con la Jefatura del Estado, la Presidencia del Gobierno, las Cortes Generales y los gobiernos y parlamentos autonómicos; aprobar disposiciones de carácter general; resolver recursos en el mismo órgano que dictó el acto; y lo que diga una ley.",Art. 9.2,18,«En ningún caso podrán ser objeto de delegación las competencias relativas a» […] «b) La adopción de disposiciones de carácter general.»,,,,,
37,Tema 3 · Ley 40/2015 de Régimen Jurídico del Sector Público,¿Qué es la avocación?,"Que un órgano superior asuma un asunto que le toca a un órgano que depende de él, por motivos técnicos, económicos, sociales, jurídicos o territoriales. Se hace con un acuerdo motivado.",Art. 10,19,«Los órganos superiores podrán avocar para sí el conocimiento de uno o varios asuntos»,,,,,
38,Tema 3 · Ley 40/2015 de Régimen Jurídico del Sector Público,¿Qué es la encomienda de gestión?,"Encargar a otro órgano o entidad de derecho público actividades de carácter material o técnico, por eficacia o por falta de medios. No supone ceder la titularidad de la competencia.",Art. 11,19,«La realización de actividades de carácter material o técnico de la competencia de los órganos administrativos» […] «La encomienda de gestión no supone cesión de la titularidad de la competencia»,Solo aparece en la Ley 40/2015: sirve para comprobar que cita el tema 3 (capa 1.4).,,,,
39,Tema 3 · Ley 40/2015 de Régimen Jurídico del Sector Público,¿Qué hace falta para que un órgano colegiado quede válidamente constituido?,"Que estén, en persona o a distancia, el Presidente y el Secretario (o quienes les sustituyan) y al menos la mitad de sus miembros.",Art. 17.2,21,"«del Presidente y Secretario o en su caso, de quienes les suplan, y la de la mitad, al menos, de sus miembros»",,,,,
40,Tema 3 · Ley 40/2015 de Régimen Jurídico del Sector Público,¿Quién levanta el acta de las sesiones de un órgano colegiado?,"El Secretario, en cada sesión.",Art. 18.1,22,«De cada sesión que celebre el órgano colegiado se levantará acta por el Secretario»,,,,,
41,Tema 3 · Ley 40/2015 de Régimen Jurídico del Sector Público,¿Hasta qué grado de parentesco obliga a abstenerse?,Consanguinidad hasta el cuarto grado y afinidad hasta el segundo. También el matrimonio o una relación de hecho parecida.,Art. 23.2 b),25,«el parentesco de consanguinidad dentro del cuarto grado o de afinidad dentro del segundo»,,,,,
42,Tema 3 · Ley 40/2015 de Régimen Jurídico del Sector Público,"Si el recusado niega la causa, ¿en qué plazo resuelve su superior?",En tres días.,Art. 24.4,26,«el superior resolverá en el plazo de tres días»,,,,,
43,Tema 3 · Ley 40/2015 de Régimen Jurídico del Sector Público,¿Una norma sancionadora nueva se puede aplicar a hechos anteriores?,"Solo si favorece al presunto infractor o al infractor: en la infracción, en la sanción o en los plazos de prescripción.",Art. 26.2,26,«Las disposiciones sancionadoras producirán efecto retroactivo en cuanto favorezcan al presunto infractor o al infractor»,,,,,
44,Tema 3 · Ley 40/2015 de Régimen Jurídico del Sector Público,"Si la ley no dice nada, ¿cuándo prescriben las infracciones?","Las muy graves a los tres años, las graves a los dos años y las leves a los seis meses.",Art. 30.1,28,"«prescribirán a los tres años, las graves a los dos años y las leves a los seis meses»",El artículo 30 empieza en la página 27; los plazos están en la 28.,,,,
45,Tema 3 · Ley 40/2015 de Régimen Jurídico del Sector Público,¿Qué tiene que cumplir un daño para que la Administración lo indemnice?,"Tiene que ser efectivo, evaluable económicamente e individualizado respecto de una persona o grupo de personas.",Art. 32.2,28,"«el daño alegado habrá de ser efectivo, evaluable económicamente e individualizado»",,,,,
46,Tema 3 · Ley 40/2015 de Régimen Jurídico del Sector Público,¿Cuánto pueden durar los convenios?,"Como máximo cuatro años, salvo que una norma prevea más. Antes de que acaben, se pueden prorrogar por unanimidad hasta cuatro años más.",Art. 49 h),35,«que no podrá ser superior a cuatro años» […] «su prórroga por un periodo de hasta cuatro años adicionales»,,,,,
47,Tema 3 · Ley 40/2015 de Régimen Jurídico del Sector Público,¿Cuáles son los órganos superiores de la Administración General del Estado?,"Los Ministros y los Secretarios de Estado. Los órganos directivos son los Subsecretarios y Secretarios generales, los Secretarios generales técnicos y Directores generales, y los Subdirectores generales.",Art. 55.3,38,«En la organización central son órganos superiores y órganos directivos» […] «Los Ministros.» […] «Los Secretarios de Estado.» […] «Los Subdirectores generales.»,,,,,
48,Tema 3 · Ley 40/2015 de Régimen Jurídico del Sector Público,¿Qué rango tienen los Delegados del Gobierno y de quién dependen?,Rango de Subsecretario. Dependen orgánicamente del Presidente del Gobierno y funcionalmente del Ministerio que toque por la materia.,Art. 72.3,46,«son órganos directivos con rango de Subsecretario que dependen orgánicamente del Presidente del Gobierno»,,,,,
49,Tema 3 · Ley 40/2015 de Régimen Jurídico del Sector Público,¿Quién nombra a los Subdelegados del Gobierno en las provincias?,"El Delegado del Gobierno, por libre designación entre funcionarios de carrera del Subgrupo A1. Tienen nivel de Subdirector General.",Art. 74,48,«que será nombrado por aquél mediante el procedimiento de libre designación entre funcionarios de carrera»,,,,,
50,Tema 3 · Ley 40/2015 de Régimen Jurídico del Sector Público,¿Qué entidades forman el sector público institucional estatal?,"Los organismos públicos (organismos autónomos, entidades públicas empresariales y agencias estatales), las autoridades administrativas independientes, las sociedades mercantiles estatales, los consorcios, las fundaciones del sector público, los fondos sin personalidad jurídica y las universidades públicas no transferidas.",Art. 84.1,52,«1. Integran el sector público institucional estatal las siguientes entidades» […] «3. Agencias estatales.» […] «g) Las universidades públicas no transferidas.»,"La misma lista se repite en la página 105 (disposición final octava, que cambia la Ley General Presupuestaria). La respuesta buena es el art. 84, página 52.",,,,
