Nombre,Correo,Grupo
Marta Gil Romero,marta.gil@example.com,Mañanas
Javier Ortega Lara,javier.ortega@example.com,Mañanas
Nuria Castaño Vidal,nuria.castano@example.com,Mañanas
Rubén Morales Sáez,ruben.morales@example.com,Mañanas
Irene Delgado Pons,irene.delgado@example.com,Mañanas
Sergio Navarro Rey,sergio.navarro@example.com,Tardes
Carmen Ortiz Molina,carmen.ortiz@example.com,Tardes
Daniel Herrera Cano,daniel.herrera@example.com,Tardes
Alba Iglesias Ruiz,alba.iglesias@example.com,Tardes
Óscar Prieto Serrano,oscar.prieto@example.com,Tardes
